PLU;Nombre;Ventas_Total
"30846";"CALZONES ROTOS";"43"
"30844";"BERLINES DE PASTELERA ";"83"
"30845";"BERLIN MANJAR ";"44"
"16016";"PAN CON CHICHARRONES pnd";"1440"
"183";"PIZZA JAMON QUES0";"37"
"6962";"SANDWICH CROISSANT AVE MAYO PALTA";"217"
"6970";"SANDWICH BAGEL JAMON QUESO";"272"
"30826";"ALFAJOR BONBON MARLEY ";"74"
"6972";"SANDWICH CROISSANT JAMON QUESO ";"314"
"30498";"POSTRE MOTE CON HUESILLO 600 ML APROX";"92"
"608";"PICHANGA PREMIUN";"1.2000000000000002"
"30825";"CINNAMON ROLLS MARLEY";"80"
"23";"PICHANGA FRIA  rtc";"585.4540000000001"
"30830";"CINNAMON ROLLS ";"56"
"6305";"ESCALOPA  PIERNA DE CERDO KG";"11.452"
"799";"CARBONADA DE CERDO  ";"6.759"
"12552";"PASTA ÑOQUI AL PESTO 350 GRS APROX DISTRIBUIDOR";"5"
"12532";"PASTA FIDEOS CON CAMARON Y SALSA THAI 350 GRS APROX DISTRIBUIDOR";"7"
"12553";"PASTA ÑOQUI CON SALSA BOLOÑESA 350 GRS APROX DISTRIBUIDOR";"5"
"12531";"PLATO CHILENO PASTEL DE CHOCLO 300 GRS APROX DISTRIBUIDOR";"9"
"30373";"PLATO CHILENO PASTEL DE CHOCLO 300 GRS APROX";"142"
"30495";"PLATO CHILENO MERLUZA A LA SIDRA CON PAPAS GRATINADAS 360 GRS APROX";"19"
"30340";"PASTA LASAÑA BOLOÑESA 300 GRS. APROX";"155"
"12801";"PASTA LASAÑA VEGETARIANA 500 GRS APROX DISTRIBUIDOR ";"8"
"12502";"PASTA LASAÑA BOLOÑESA 300 GRS APROX DISTRIBUIDOR";"11"
"12802";"GOHAN SALMON 450 GRS APROX DISTRIBUIDOR";"18"
"12534";"PASTA LASAÑA FAMILIAR 4 PORCIONES 1100 GRS APROX DISTRIBUIDOR";"4"
"12557";"PASTA RAVIOLES CON SALSA BOLOÑESA 350 GRS APROX DISTRIBUIDOR";"11"
"12533";"PASTA FIDEOS CON POLLO Y SALSA THAI 350 GRS APROX DISTRIBUIDOR";"2"
"12511";"PASTA LASAÑA BOLOÑESA HALOPACK 400 GRS APROX DISTRIBUIDOR";"6"
"12537";"PLATO INTER. SALMON CON RISOTTO DE CHAMPIÑONES 350 GRS DISTRIBUIDOR";"6"
"12526";"ENSALADA CESAR POLLO 300 GRS DISTRIBUIDOR";"12"
"54";"HALLULLA";"11025.786999999997"
"12562";"WRAP SALUDABLE PROTEICO 350 GRS APROX DISTRIBUIDOR";"27"
"12512";"PLATO CHILENO PASTEL DE CHOCLO 400 GRS APROX DISTRIBUIDOR";"12"
"12800";"GOHAN POLLO TERIYAKI 450 GRS APROX DISTRIBUIDOR";"5"
"918";"MARRAQUETA";"2081.4210000000003"
"90200";"PAN DE QUESO ,JAMON SERRANO ,OREGANO 230 GR APROX";"40"
"16047";"PAN DE QUESO TEJA FOO  230 APROX";"22"
"506";"PAN QUESO ENVASADO 350 GRS APROX";"16"
"65252";"MALLA MORRON ROJO 2";"18"
"30710";"WRAP FALAFEL Y HUMMUS 350 GRS APROX";"10"
"6959";"ENSALADA DEL MAR 350 GRS APROX";"37"
"30816";"CHEESCAKE FRAMBUESA NUEVO MARLEY ";"140"
"30822";"CARROT CAKE MARLEY ";"57"
"30827";"TARTA QUEEN FIZZ MARLEY ";"36"
"30417";"ENSALADA CEVICHE DE COCHAYUYO 320 GRS APROX";"68"
"30815";"TARTA CITRON MARLEY  ";"58"
"30820";"BROWNIE MARQUIS MARLEY ";"43"
"30450";"WRAP SALUDABLE PROTEICO 350 GRS APROX";"140"
"6957";"ENSALADA JAMON SERRANO 350 GRS APROX";"39"
"30384";"POKE SALMON SPICY 350 GRS APROX";"7"
"30818";"TARTA CHOCOBOM CARAMEL MARLEY ";"48"
"30823";"PROFITEROL CRAQUELINE CHOCOMARACUYA MARLEY";"50"
"6993";"ENSALADA DE POLLO 350 GRS APROX";"24"
"30817";"CHEESECAKE CARAMELO SALADO MARLEY ";"81"
"30821";"TORTA CHOCO CAFE MARLEY ";"42"
"30396";"ENSALADA CEVICHE SALMON 320 GRS. APROX";"142"
"30800";"NY COOKIE & CREAMS";"85"
"30819";"BROWNIE AVELLA EUROPEA MARLEY ";"50"
"30824";"NY COOKIE MARLEY ";"85"
"30703";"PASTA LASAÑA VEGETARIANA MEDIANA 500 GRS";"7"
"30337";"POKE ATUN SPICY 350 GRS APROX";"23"
"30406";"PASTA RAVIOLES CON SALSA BOLOÑESA 350 GRS APROX";"48"
"30403";"PASTA SPAGHETTI ALFREDO 350 GRS APROX";"29"
"30335";"PLATO CHILENO PASTEL DE PAPA MEDIANO 500 GRS APROX";"85"
"30431";"PLATO CHILENO PASTEL DE CHOCLO VEGETARIANO 500 GRS APROX";"48"
"30427";"PLATO CHILENO PASTEL DE CHOCLO FAMILIAR 4 PORCIONES 1100 GRS APROX";"8"
"30342";"PASTA ÑOQUIS CON SALSA BOLOÑESA 360 GRS";"40"
"30449";"PLATO CHILENO PASTEL DE CHOCLO 500 GRS APROX";"100"
"30702";"PASTA ÑOQUIS AL PESTO 350 GRS APROX";"28"
"9979";"PASTA ÑOQUIS CON SALSA BOLOÑESA FAMILIAR 1100 GRS APROX";"3"
"30407";"PASTA SPAGHETTI ALFREDO CON POLLO 350 GRS APROX";"29"
"7898";"PLATO CHILENO PASTEL DE PAPA 2 PORCIONES 800 GRS APROX";"19"
"800008161";"SIX PACK CERVEZA KUNSTMANN LAGER BLANC 330 CC";"12"
"30706";"PLATO INTER. BUTTER CHICKEN CON ARROZ 350 GRS. APROX";"42"
"30362";"PLATO CHILENO CHUPE DE JAIBA 300 GRS APROX";"15"
"30464";"PLATO CHILENO QUESO DE PATA 320 GRS APROX";"8"
"800001973";"PACK X6 CERVEZA KUNSTMANN VALDIVIA 330 CC";"13"
"30514";"PLATO CHILENO GUATITAS A LA JARDINERA CONA ARROZ 350 GRS APROX";"37"
"30708";"PLATO INTER. SALMON CON RISOTTO AL PESTO 350 GRS APROX";"31"
"30504";"PLATO CHILENO CHUPE DE JAIBA 2 PORCIONES 800 GRS APROX";"21"
"30492";"PLATO CHILENO LENGUA NOGADA CON PURE 360 GRS APROX";"16"
"30705";"PLATO INTER. SALMON CON RISOTTO DE CHAMPIÑONES 350 GRS APROX";"35"
"30385";"PLATO INTER. RIÑONES AL JEREZ CON ARROZ 350 GRS APROX";"5"
"30440";"PASTA FIDEOS CON POLLO Y SALSA THAI 350 GRS APROX";"123"
"30405";"PASTA FIDEOS CON CAMARON Y SALSA THAI 350 GRS APROX";"148"
"6968";"PIZZA POLLO BARBECUE INDIVIDUAL 400 GRS APROX";"31"
"30429";"PIZZA SALAME PEPPERONI INDIVIDUAL 380 GRS APROX";"35"
"30369";"PIZZA HAWAIANA INDIVIDUAL 400 GRS APROX";"20"
"6955";"PIZZA VEGETARIANA INDIVIDUAL 380 GRS APROX";"21"
"1010";"ENSALADA CESAR POLLO 300 GRS APROX";"130"
"7903";"PLATO CHILENO MERLUZA CANCATO CON QUINOA VERDE 360 GRS APROX";"17"
"363";"PAN MOLDE CON CERVEZA  450  APROX";"101"
"61212";"PAN HAMBURGUESA CON CERVEZA 580 GR APROX";"79"
"915";"BAGUETTE MASA MADRE";"8"
"807";"PASTEL TORTA CALUGA ";"64"
"16083";"PAN HOTELERO 700GR";"140"
"16014";"PAN MOLDE INTEGRAL ";"161"
"30954";"HOTELERO INTEGRAL";"90"
"22156";"GALLETON AVENA / FRUTOS ROJOS";"213"
"322";"SANDWICH BAGEL QUESO DE CABRA PESTO TOMATE 220 GRS ";"86"
"326";"SANDWICH BAGEL CHAMPIÑON QUESO CREMA PESTO 220 GRS";"104"
"60541";"GALLETON AVENA PASAS Y NUECES";"543"
"550";"CIABATTA RUSTICO INTGRAL ENV 400 GR";"94"
"9894";"CIABATTA RUSTICO  INTEGRAL KG";"352.04299999999995"
"800007935";"PACK X 3 LECHE CON CHC LIGHT 330ML";"1"
"11800";"PACK 6 LECHE ENTERA COLUN 200ML";"20"
"800007785";"PACK 3 LECHE CAPPUCCINO COLUN 330ML";"1"
"800007931";"PACK X 6 LECHE SEMI DESCREMADA ";"4"
"254";"PIZZA POLLO BBQ 630 GRS APROX";"39"
"182";"PIZZA VEGETARIANA 630 GRS APROX";"30"
"180";"PIZZA SALAME PEPPERONI 630 GRS APROX";"48"
"6945";"PIZZA CUATRO QUESOS 620 GRS APROX";"20"
"13490";"PIZZA CAMARON QUESO 660 GRS APROX";"62"
"80033";"PACK 6 LECHE CHOC COLUN S/LACTOSA 200ML ";"10"
"80065";"PACK X 6 LECHE COOKIES SOPROLE 220ML";"1"
"80098";"PACK 6 LECHE CHOCOLATE ORIGEN COLUN 220ML";"28"
"80094";"PACK 6 LECHE FRUTILLA COLUN 220ML";"17"
"80022";"PACK 6 LECHE VAINILLA COLUN 220ML";"7"
"6944";"PIZZA HAWAIANA 615 GRS APROX";"23"
"6947";"PASTA LASAÑA DE SALMON Y ESPINACA 2 PORCIONES 800 GRS APROX";"20"
"9987";" LECHE CHOCO ZERO LACTO 200 ML";"7"
"30435";"POSTRE PANNA COTTA CON FRAMBUESA 190 GRS APROX";"32"
"30380";"POSTRE ARROZ CON LECHE 230 GRS APROX";"8"
"30381";"POSTRE PANNA COTTA CON COCO Y MANGO 190 GRS APROX";"18"
"30419";"POSTRE SEMOLA CON SALSA DE MARACUYA 190 GRS APROX";"27"
"6996";"PLATO CHILENO PASTEL DE CHOCLO 2 PORCIONES 800 GRS APROX";"31"
"6974";"PLATO INTER. ALBONDIGAS ATOMATADAS CON POLENTA CREMOSA 350 GRS APROX";"14"
"30438";"SANDWICH PAN DE CERVEZA SALMON AHUMADO EN FRIO 240 GRS APROX";"24"
"30412";"PASTA LASAÑA BOLOÑESA HALOPACK 400 GRS APROX";"37"
"30394";"SANDWICH PAN DE CERVEZA JAMON SERRANO 240 GRS APROX";"14"
"30422";"HAMBURGUESA PAN DE CERVEZA 370 GRS APROX";"43"
"30414";"PLATO CHILENO PASTEL DE CHOCLO HALOPACK 400 GRS APROX";"22"
"30372";"PLATO INTER. POLLO CON SALSA DE CHAMPIÑONES Y PURE 350 GRS APROX";"38"
"30704";"PLATO INTER. AJI DE GALLINA CON ARROZ 360 GRS APROX";"36"
"30395";"PLATO CHILENO CARNE MECHADA CON PAST. DE CHOCLO 360 GRS APROX";"52"
"30186";"TORTA PINA 19 CM";"11"
"917";"PAN HAMBURGUESA FABR PROPIA";"185.653"
"22021";"POSTRE PIE FRAMBUESA 145 GR APRO";"15"
"7902";"PASTA LASAÑA VEGETARIANA 2 PORCIONES 800 GRS APROX";"15"
"94156";"POSTRE PIE MARACUYA 145 APROX ";"14"
"90123";"POSTRE PAI LIMON 145 GR APROX";"16"
"30371";"PLATO INTER. POLLO CON SALSA CUATRO QUESOS Y PAPAS ASADAS 350 GRS APROX";"30"
"22136";"KUCHEN DE ARANDANO";"33"
"22115";"PASTEL FIESTA VALDIVIANA IND.";"21"
"22085";"KUCHEN DE FRAMBUESA";"182"
"6946";"PASTA LASAÑA BOLOÑESA 2 PORCIONES 800 GRS APROX";"37"
"22050";"PIE DE LIMON ENTERO pst";"96"
"22041";"MENDOCINOS pst";"252"
"30428";"GOHAN POLLO TERIYAKI 450 GRS APROX";"811"
"30434";"GOHAN SALMON 450 GRS APROX";"295"
"30488";"GOHAN CAMARON 450 GRS APROX";"283"
"30486";"GOHAN ACEVICHADO 450 GRS APROX";"285"
"30480";"GOHAN CHAMPIÑON 450 GRS APROX";"90"
"928";"PAN ITALIANO KG";"1932.8819999999996"
"22258";"PASTEL FLOR DE LOTO IND.";"47"
"104";"PAN TOSCANO";"334.56600000000003"
"94159";"TORTA WHISKY ";"2"
"30300";"TORTA FLOR DE LOTO 19 CM";"5"
"22102";"TORTA  ONCOL  19 CM";"29"
"71240";"TORTA CELESTIAL VASO";"31"
"71239";"TORTA BAILEYS OTOÑAL VASO";"17"
"6949";"TORTA TIRAMISU VASO";"44"
"60598";"VASO SELVA NEGRA";"13"
"22072";"TORTA FIESTA VALDIVIANA 19 CM";"14"
"22006";"BRAZO DE REINA";"63"
"408";"PAN CIABATTA RUSTICO GRANEL";"1169.2509999999997"
"30465";"STRUDEL ALEMAN";"15"
"9654";"TORTA CELESTIAL M ";"22"
"22153";"TORTA BELZEBOO";"1"
"30445";"CHEESECAKE FRAMBUESA";"16"
"22056";"TARTALETA DE FRUTAS";"23"
"60594";"TORTA CALUGA M";"26"
"60612";"PIE RELLENO DE MARACUYA";"32"
"22126";"BRAZO DE REINA CHOCOLATE GRANILLO";"66"
"30447";"CHEESECAKE MARACUYA";"9"
"778433576";"PAN DE PASCUA TEJAFOOD";"18"
"22129";"PIE DE FRAMBUESA";"63"
"60532";"TORTA ZANAHORIA M";"10"
"65099";"KUCHEN FRUTOS DEL BOSQUE TEJA MARKET";"98"
"22248";"KUCHEN DE NUEZ";"50"
"30409";"QUEQUE ARTESANAL TEJA FOOD";"14"
"800007547";"SIX PACK LEMON STONES SANDÍA LATA 350 CC";"9"
"9981";"PERNIL DE CERDO AL HORNO";"5"
"90";"GALLETON AVENA ZANAHORIA ";"31"
"60614";"TARTA MANZANA MURTA";"24"
"16038";"PAN MOLDE INTEGRAL SEMILLAS";"256"
"916";"MIX DE TARTAS ";"22"
"30490";"POSTRE VASO MIX DE FRUTA 300 GRS APROX";"124"
"23017";"POLLO ASADO ENTERO KG";"617.73"
"6995";"SANDWICH PITA SALMON AHUMADO";"176"
"6952";"SANDWICH MIGA AVE PIMIENTO";"90"
"18";"TUTO LARGO DE POLLO KG AUTOSERV";"1"
"7606";"CARNE MOLIDA NAC TEJA FOOD KG";"255.456"
"20";"CHULETA CENTRO KG AUTOSERV";"0.612"
"50087";"POLLO ASADO CON PAPAS FRITAS";"74"
"87";"TARTALETA PASTA FLORA";"20"
"30443";"CHEESECAKE INDIVIDUAL";"92"
"117";"KUCHEN MIGA RELLENO";"54"
"22055";"TARTALETA DE FRUTA INDIVIDUAL";"86"
"30563";"CHEESECAKE DE MURTA";"6"
"30387";"PASTA FLORA INDIVIDUAL";"156"
"22167";"TORTA SELVA VALDIVIANA";"20"
"30297";"TORTA PINO HUACHO ";"22"
"22240";"TORTA PANQUEQUE CHOC , MANJAR , NUEZ ";"10"
"22241";"PASTEL FRAMBUESA IND";"6"
"30476";"BIENENSTICH (KUCHEN DE NUEZ RECETA ALEMANA)";"10"
"21214";"PIE DE FRAMBUESA IND.";"199"
"7770";"TORTA CELESTIAL ";"17"
"22076";"TRUFA MANJAR";"858"
"30301";"BROWNIE MANT MANI CHOC BLANCO";"44"
"60605";"QUEQUE INGLES RED";"7"
"540";"PAN HAMBURGUESA  ENVASADO 430 GRS APROX";"128.256"
"89890";"BROWNIE MANJAR";"93"
"523";"PAN DOBLADITA ENVASADO 310GRAS APROX";"19"
"345";"QUEQUE CHIPS DE CHOCOLATE 500 GRS APROX";"40"
"334";"QUEQUE NARANJA 500 GRS. APROX";"37"
"7609";"CARNE BISTEC NACTEJA FOOD (ASIENTO)";"160.835"
"7600";"CARNE TARTARO TEJA FOOD NAC KG";"303.055"
"935";"ESCALOPA POSTA NEGRA KG";"84.67399999999999"
"30716";"PAN CHILOTE TEJA MARKET";"280.42299999999994"
"7607";"CARNE CUBO NAC TEJA FOOD (POSTA ROSADA)";"82.72999999999999"
"7759";"CARNE PARA HAMBURGUESA NAC";"47.005"
"95953";"BROWNIE FRAMBUESA CHOCOLATE";"64"
"30455";"QUEQUE BROWNIE 600 GRS.";"48"
"304";"QUEQUE PLATANO";"37"
"551";"PIE DE MARACUYA IND.";"65"
"7610";"CARNE A LA JULIANA NAC TEJA FOOD";"66.83"
"60600";"QUEQUE DE FRAMBUESA";"31"
"355";"OSOBUCO PIERNA VACUNO AUTOSS";"73.432"
"8587";"ALBONDIGA TEJA FOOD (P. ROSADA)";"25.585000000000004"
"6999";"CARNE MOLIDA 10% GRASA";"571.164"
"796";"LOMO DE CERDO EN MEDALLONES";"33.015"
"9983";"PAN FUGAZZA TOSCANO";"43"
"9984";"PAN FUGAZZA CEBOLLA";"86"
"2011";"CAFE MARLEY MEDIANO ";"113"
"2012";"CAFE MARLEY GRANDE";"88"
"2010";"CAFE MARLEY ESPRESSO";"8"
"800006848";"SIX PACK CERVEZA LATA LEMON ST BERRIES 350 CC";"17"
"80808";"POSTRE VASO DE FRUTILLAS CON YOGURT 250 GRS APROX";"101"
"71236";"POSTRE TRILOGÍA DE SÉMOLA CON LECHE 320 GRS APROX";"14"
"30690";"POSTRE VASO DE PIÑA 250 GRS APROX";"76"
"920";"PAN BAGUETTE INTEGRAL ";"71"
"335";"QUEQUE NUEZ 500 GRS APROX";"35"
"22051";"PIE DE LIMON INDIVIDUAL";"212"
"22112";"PASTEL  SELVA VALDIVIANA IND.";"44"
"22246";"PASTEL PINO HUACHO IND.";"33"
"800006090";"PACK X6 NECTAR ANDINA MULTI FRUTILLA 200CC";"6"
"800005959";"SIX PACK CERVEZA CORONA CERO 330 ML";"24"
"800005471";"PACK X4 CERV KUNSTMANN VALDIVIA 473 CC LATA";"404"
"8852";"QUESO ROBLE TZ";"53.862"
"800004898";"SIX PACK LEMON STONE MANGO LATA 350CC";"18"
"800004852";"PACK X4 CERVEZA KUNSTMANN TOROBAYO LATA 470CC";"332"
"8812";"QUESO RIO CRUCES TZ";"133.004"
"8802";"QUESO LAS PARCELAS TZ";"100.59599999999999"
"16013";"PAN MOLDE BLANCO ";"71"
"800004391";"SIX PACK LEMON STONES MARACUYA LATA 350 CC";"28"
"800001219";"PACK X6 CERVEZA ROYAL LATA 470 CC";"27"
"800003289";"PACK X6 CERVEZA STELLA ARTOIS 473 CC";"33"
"800003202";"PACK 4 UNDS CERVEZA KROSS 5 ANOS 330 CC";"1"
"800003041";"PACK CERV. CUSQUENA LATA GOLD 473ML X6";"58"
"800003004";"PACK X6 CERV BUDWEISER 473CC LATA";"80"
"800002863";"PACK X 10 CHOCOLATE KINDER MAXI 21GR";"25"
"5469";"PACK X6 NECTAR ANDINA PINA 200CC";"2"
"800002464";"PACK X6 NECTAR ANDINA MANZANA 200CC";"9"
"5464";"PACK X6 NECTAR ANDINA NARANJA 200CC";"11"
"5433";"PACK X6 NECTAR ANDINA DURAZNO 200CC";"4"
"164";"PAN INTEGRAL pnd";"279.427"
"60568";"PAN PITA INTEGRAL";"368.67500000000007"
"800001072";"PACK X6 CERVEZA COORS LATA 470CC";"17"
"800001040";"PACK X6 CERVEZA HEINEKEN 470CC LATA";"76"
"914";"PAN COPIHUE FABR PROPIA";"447.999"
"922";"PAN BAGUETTE FABR PROPIA";"264"
"16037";"PAN PITA";"433.1570000000001"
"800000262";"PACK CORONA 330 ML X 6 UNDS";"30"
"700045";"CERVEZA COORS 1873 X 6 355CC";"18"
"778431988";"PACK CERVEZA KUNSTMANN IPA 330 CCX4";"2"
"4952";"PACK 4 UNDS KROSS MAIBOCK 330CC";"12"
"778431916";"PACK X 4 CERVEZA KUNSTMANN 330CC MIEL ";"4"
"778433253";"PACK X6 CERVEZA QUILMES LATA 473CC";"100"
"778432547";"PACK CERVEZA HEINEKEN S/ALCOHOL 6X330CC";"38"
"4955";"PACK 4 UND KROSS PILSNER 330CC";"3"
"4893";"PACK BOT CRISTAL CERO X 6 UNDS 355 ML";"21"
"4709";"PACK ESCUDO X 6 UNDS 470CC";"38"
"4775";"PACK X6 CERVEZA MILLER BOTELLIN 330CC";"6"
"4863";"CERVEZA KROSS GOLDEN 330 X4";"18"
"4803";"PACK CRISTAL CERO X 6 UNDS 350 CC";"22"
"4879";"PACK X 4 CERVEZA KUNSTMANN TOROBAYO ";"24"
"4103";"PACK CERVEZA CRISTAL LAGER LATA 6 X 470CC";"21"
"4880";"PACK CERVEZA KUNSTMANN BOCK X 4 UNDS";"6"
"4644";"SIX PACK LEMON STONES LATA 350 CC";"27"
"40200";"PACK BOT ROYAL 6X330CC";"64"
"98754";"PACK 6 CRISTAL CERO RADLER 350CC";"30"
"5011179";"PACK KUNSTMANN S/ALCOHOL 4X330CC";"13"
"40207";"PACK CERVEZ KROSS STOUT 4X330ML";"6"
"5011012";"PACK CERVEZA CRISTAL CERO RADLER BOT 355CC";"24"
"4896";"PACK CERVEZA KUNSTMANN LAGER X 4 UNDS 330CC";"5"
