Cod_Barra;PLU;Nombre;Ventas_Total
"30428";"30428";"GOHAN POLLO TERIYAKI 450 GRS APROX";"1215"
"30486";"30486";"GOHAN ACEVICHADO 450 GRS APROX";"491"
"30434";"30434";"GOHAN SALMON 450 GRS APROX";"387"
"30488";"30488";"GOHAN CAMARON 450 GRS APROX";"387"
"30450";"30450";"WRAP SALUDABLE PROTEICO 350 GRS APROX";"268"
"30405";"30405";"PASTA FIDEOS CON CAMARON Y SALSA THAI 350 GRS APROX";"204"
"30440";"30440";"PASTA FIDEOS CON POLLO Y SALSA THAI 350 GRS APROX";"201"
"30395";"30395";"PLATO CHILENO CARNE MECHADA CON PAST. DE CHOCLO 360 GRS APROX";"197"
"30704";"30704";"PLATO INTER. AJI DE GALLINA CON ARROZ 360 GRS APROX";"170"
"6993";"6993";"ENSALADA DE POLLO 350 GRS APROX";"159"
"30340";"30340";"PASTA LASAÑA BOLOÑESA 300 GRS. APROX";"147"
"30372";"30372";"PLATO INTER. POLLO CON SALSA DE CHAMPIÑONES Y PURE 350 GRS APROX";"145"
"30480";"30480";"GOHAN CHAMPIÑON 450 GRS APROX";"137"
"30373";"30373";"PLATO CHILENO PASTEL DE CHOCLO 300 GRS APROX";"137"
"30490";"30490";"POSTRE VASO MIX DE FRUTA 300 GRS APROX";"136"
"30498";"30498";"POSTRE MOTE CON HUESILLO 600 ML APROX";"130"
"30706";"30706";"PLATO INTER. BUTTER CHICKEN CON ARROZ 350 GRS. APROX";"127"
"30371";"30371";"PLATO INTER. POLLO CON SALSA CUATRO QUESOS Y PAPAS ASADAS 350 GRS APROX";"118"
"30422";"30422";"HAMBURGUESA PAN DE CERVEZA 370 GRS APROX";"113"
"30435";"30435";"POSTRE PANNA COTTA CON FRAMBUESA 190 GRS APROX";"106"
"30702";"30702";"PASTA ÑOQUIS AL PESTO 350 GRS APROX";"100"
"30514";"30514";"PLATO CHILENO GUATITAS A LA JARDINERA CONA ARROZ 350 GRS APROX";"98"
"30449";"30449";"PLATO CHILENO PASTEL DE CHOCLO 500 GRS APROX";"98"
"30396";"30396";"ENSALADA CEVICHE SALMON 320 GRS. APROX";"94"
"30414";"30414";"PLATO CHILENO PASTEL DE CHOCLO HALOPACK 400 GRS APROX";"86"
"30492";"30492";"PLATO CHILENO LENGUA NOGADA CON PURE 360 GRS APROX";"86"
"30705";"30705";"PLATO INTER. SALMON CON RISOTTO DE CHAMPIÑONES 350 GRS APROX";"83"
"30412";"30412";"PASTA LASAÑA BOLOÑESA HALOPACK 400 GRS APROX";"81"
"30431";"30431";"PLATO CHILENO PASTEL DE CHOCLO VEGETARIANO 500 GRS APROX";"76"
"30337";"30337";"POKE ATUN SPICY 350 GRS APROX";"72"
"30708";"30708";"PLATO INTER. SALMON CON RISOTTO AL PESTO 350 GRS APROX";"71"
"30429";"30429";"PIZZA SALAME PEPPERONI INDIVIDUAL 380 GRS APROX";"71"
"6957";"6957";"ENSALADA JAMON SERRANO 350 GRS APROX";"67"
"80808";"80808";"POSTRE VASO DE FRUTILLAS CON YOGURT 250 GRS APROX";"67"
"6959";"6959";"ENSALADA DEL MAR 350 GRS APROX";"59"
"30407";"30407";"PASTA SPAGHETTI ALFREDO CON POLLO 350 GRS APROX";"58"
"800007913";"800007913";"PROMO HAMBURGUESA";"56"
"30381";"30381";"POSTRE PANNA COTTA CON COCO Y MANGO 190 GRS APROX";"54"
"30419";"30419";"POSTRE SEMOLA CON SALSA DE MARACUYA 190 GRS APROX";"53"
"30342";"30342";"PASTA ÑOQUIS CON SALSA BOLOÑESA 360 GRS";"51"
"30335";"30335";"PLATO CHILENO PASTEL DE PAPA MEDIANO 500 GRS APROX";"51"
"30417";"30417";"ENSALADA CEVICHE DE COCHAYUYO 320 GRS APROX";"51"
"1010";"1010";"ENSALADA CESAR POLLO 300 GRS APROX";"50"
"30384";"30384";"POKE SALMON SPICY 350 GRS APROX";"48"
"30406";"30406";"PASTA RAVIOLES CON SALSA BOLOÑESA 350 GRS APROX";"46"
"30380";"30380";"POSTRE ARROZ CON LECHE 230 GRS APROX";"44"
"6968";"6968";"PIZZA POLLO BARBECUE INDIVIDUAL 400 GRS APROX";"43"
"80816";"80816";"POSTRE VASO DE SANDIA 250 GRS PROX";"43"
"30690";"30690";"POSTRE VASO DE PIÑA 250 GRS APROX";"41"
"30385";"30385";"PLATO INTER. RIÑONES AL JEREZ CON ARROZ 350 GRS APROX";"39"
"80813";"80813";"POSTRE VASO DE MELON 250 GRS APROX";"38"
"6974";"6974";"PLATO INTER. ALBONDIGAS ATOMATADAS CON POLENTA CREMOSA 350 GRS APROX";"37"
"6955";"6955";"PIZZA VEGETARIANA INDIVIDUAL 380 GRS APROX";"34"
"30438";"30438";"SANDWICH PAN DE CERVEZA SALMON AHUMADO EN FRIO 240 GRS APROX";"32"
"30394";"30394";"SANDWICH PAN DE CERVEZA JAMON SERRANO 240 GRS APROX";"24"
"7903";"7903";"PLATO CHILENO MERLUZA CANCATO CON QUINOA VERDE 360 GRS APROX";"23"
"30703";"30703";"PASTA LASAÑA VEGETARIANA MEDIANA 500 GRS";"21"
"303940";"303940";"CONSOME DE POLLO 240 ML APROX";"17"
"30369";"30369";"PIZZA HAWAIANA INDIVIDUAL 400 GRS APROX";"16"
"30403";"30403";"PASTA SPAGHETTI ALFREDO 350 GRS APROX";"14"
"30495";"30495";"PLATO CHILENO MERLUZA A LA SIDRA CON PAPAS GRATINADAS 360 GRS APROX";"9"
"6963";"6963";"POSTRE SEMOLA CON SALSA DE FRAMBUESA 190 GRS";"5"
"30399";"30399";"SANDWICH PAN DE CERVEZA PULLED PORK CON COLESLOW";"5"
"30710";"30710";"WRAP FALAFEL Y HUMMUS 350 GRS APROX";"4"
"7040";"7040";"PLATO INTER. POLLO CON SALSA CUATRO QUESOS Y PURE DE PAPAS 350 GRS APROX";"4"
"6964";"6964";"POSTRE SEMOLA CON VINO 240 GRS APROX";"4"
"71236";"71236";"POSTRE TRILOGÍA DE SÉMOLA CON LECHE 320 GRS APROX";"3"
"7898";"7898";"PLATO CHILENO PASTEL DE PAPA 2 PORCIONES 800 GRS APROX";"1"
"50087";"50087";"POLLO ASADO CON PAPAS FRITAS";"1"
"30464";"30464";"PLATO CHILENO QUESO DE PATA 320 GRS APROX";"1"
"7902";"7902";"PASTA LASAÑA VEGETARIANA 2 PORCIONES 800 GRS APROX";"1"
